2015-08-20,-0.1972351088011272
2015-06-24,-0.1801591351050075
2015-08-21,-0.177607715751879
2015-08-19,-0.15943584122033683
2015-06-30,-0.15361055220210149
2015-06-25,-0.1499175611704615
2015-07-23,-0.1466520498446179
2015-06-17,-0.1330069295929229
2015-07-24,-0.13142318043809317
2013-06-20,-0.12849616837607195
2013-06-21,-0.1269617975394732
2015-07-06,-0.11521955513762525
2009-08-27,-0.1143142286854863
2015-07-01,-0.1098325425227251
2009-08-26,-0.10926147163495027
2009-08-14,-0.10831045968556964
2015-06-23,-0.10601764697278987
2009-08-13,-0.10393452723478715
2015-12-30,-0.10302296304559136
2015-05-26,-0.10259823194047987
2010-11-11,-0.10099801422804185
2009-02-23,-0.10094669941256511
2015-08-17,-0.1004642129346938
2015-05-27,-0.0995690378910841
2015-08-14,-0.09950804460002846
2015-07-07,-0.09933044806517313
2015-08-24,-0.09876874887422797
2013-06-19,-0.09848547959812727
2016-01-06,-0.09812956062613534
2015-06-18,-0.09638275648761299
2015-12-31,-0.0948081082602298
2016-02-24,-0.09272724349182361
2016-01-25,-0.09255678531364156
2011-08-04,-0.08892649756275525
2015-07-02,-0.08870009737098347
2016-01-22,-0.08805958644080863
2015-11-25,-0.08634946491044818
2015-01-16,-0.0851326630262851
2015-06-16,-0.08492503188662186
2015-07-13,-0.08440314259190235
2009-02-25,-0.08328523380709552
2009-08-28,-0.08247723826465987
2009-02-16,-0.08230310611475715
2015-07-22,-0.08178419882804602
2015-11-26,-0.08095908156289643
2009-07-28,-0.0804564648998089
2009-02-24,-0.08027890609726958
2010-05-05,-0.07833973896633828
2015-12-29,-0.07786798090316552
2010-04-15,-0.07765637473965778
2009-07-27,-0.07746224920732023
2015-06-26,-0.07731672274508261
2015-01-15,-0.07725602921101409
2009-08-12,-0.07650556307764764
2010-11-10,-0.07354727344953428
2013-06-05,-0.07238316917525216
2015-06-12,-0.07231715934629272
2009-11-25,-0.07227733956353681
2010-06-28,-0.07074919573907347
2011-08-03,-0.07002000087990339
2010-05-13,-0.06925744134732294
2010-06-25,-0.06923608243278301
2016-01-05,-0.06923404181925857
2011-08-05,-0.06915117587370838
2009-09-17,-0.06912141200566242
2010-11-15,-0.06859352799037062
2016-02-22,-0.06842542331036557
2009-09-21,-0.06836626566103601
2009-08-05,-0.06831972712740646
2013-06-24,-0.06818317896472473
2010-11-09,-0.06799188410732272
2015-09-10,-0.06718569437329487
2010-04-16,-0.06714774768869566
2010-04-14,-0.06706505548357528
2010-05-04,-0.06699895676364892
2015-05-04,-0.06689586318388212
2009-08-04,-0.06520608142903554
2009-08-24,-0.06517215754272976
2015-08-18,-0.06462836663259625
2015-09-11,-0.06447796509908316
2015-08-13,-0.06352902494442342
2010-05-14,-0.06312717484536376
2011-10-17,-0.06241586831399166
2009-08-11,-0.062324610980828844
2015-09-09,-0.06228635307269144
2015-07-14,-0.06221319747577289
2010-11-12,-0.062068818863671486
2013-06-18,-0.061672606398372555
2011-01-13,-0.06165639484541342
2016-01-08,-0.0611858779852211
2010-01-19,-0.061095145232474585
2014-12-22,-0.060683816077867665
2011-09-21,-0.06059162543621282
2009-04-20,-0.06048004372763306
2013-06-06,-0.060383568580290016
2016-02-23,-0.06033935831369614
2010-06-24,-0.06013055303717133
2014-02-20,-0.06004529080544185
2014-12-08,-0.059851577678856904
2009-08-18,-0.059826796427479276
2009-03-05,-0.05926452978845249
2015-11-24,-0.05847267767569109
2009-07-24,-0.0583276074556381
2009-08-10,-0.05803009699425033
2015-09-02,-0.05794113190505759
2009-12-16,-0.057873126783347106
2015-06-02,-0.05780850738201459
2009-08-21,-0.057591100068048025
2014-12-19,-0.057543664669526005
2015-09-01,-0.05689037738542806
2015-06-15,-0.0564509487337129
2014-02-21,-0.0561809662189914
2010-04-30,-0.05606449846121755
2013-02-18,-0.055785086229255335
2013-07-16,-0.05569816856138228
2011-12-12,-0.05539030306454812
2011-01-12,-0.055286824468389804
2009-12-15,-0.055160827607762676
2015-06-11,-0.05489777804578829
2010-01-21,-0.054694490651504966
2015-06-03,-0.05446001722532315
2010-01-22,-0.05431643990256066
2013-02-28,-0.05410480561696456
2013-07-17,-0.05389339594540143
2016-01-04,-0.05313527833108019
2009-02-13,-0.05275377542130907
2010-05-28,-0.05270673262463601
2009-02-17,-0.05269799479308588
2009-12-17,-0.05269600448256537
2015-05-25,-0.05258565072193491
2009-11-23,-0.052532935389618465
2013-03-01,-0.05251345153699738
2016-01-19,-0.05248624783983273
2011-11-15,-0.05228296194820526
2015-08-31,-0.052267313027618875
2010-05-27,-0.05223463101140563
2009-03-06,-0.05171916136763191
2009-09-16,-0.05144802101748173
2009-10-26,-0.05132328131590034
2009-09-24,-0.05095863911221612
2009-11-24,-0.05095431895560415
2010-11-25,-0.05057887748644321
2015-01-28,-0.050557112545811446
2015-07-10,-0.05041932907348247
2016-04-15,-0.05037573994334109
2009-08-17,-0.050330067159830266
2009-02-20,-0.05028323778323782
2015-04-30,-0.05013379257203853
2015-07-27,-0.05009780738622525
2010-06-29,-0.05008449008881111
2015-01-07,-0.0500769802870088
2014-02-19,-0.049595869465404174
2009-09-18,-0.049467292143926506
2016-05-05,-0.04944429232837154
2012-03-26,-0.04919309394859595
2009-04-21,-0.04916200699698001
2015-01-14,-0.04894901239714256
2009-05-20,-0.048911072716025655
2009-08-03,-0.048708354568091625
2009-08-06,-0.04852693878442414
2016-05-04,-0.04812336031606557
2016-01-14,-0.04806352182321046
2010-01-25,-0.04794156267559297
2015-07-29,-0.04778163943435499
2016-01-21,-0.04760900254758461
2011-01-14,-0.04665799874509202
2009-04-07,-0.046384291507402066
2009-08-07,-0.046336379669713004
2012-06-20,-0.046215442233635474
2010-12-23,-0.046189405414898715
2012-03-27,-0.04609483577659644
2015-09-14,-0.045642812079984704
2009-10-23,-0.045405405405405413
2015-08-28,-0.04539103429086047
2009-09-22,-0.04528541725885744
2013-03-25,-0.04516474685239753
2015-10-20,-0.044802526763004155
2016-01-12,-0.04467753622061693
2010-05-18,-0.044653327800530426
2014-01-02,-0.044500813960499194
2011-12-09,-0.044402546875124765
2010-09-14,-0.044175230437671374
2015-02-03,-0.044079186606350636
2009-09-25,-0.044008069235874865
2009-04-03,-0.043991441353822186
2010-04-22,-0.04394447672057824
2013-06-07,-0.04386190905577742
2013-02-20,-0.04361661190539608
2011-09-01,-0.043555721759868486
2010-12-24,-0.04354479204540066
2012-01-12,-0.043515575594812714
2010-09-13,-0.043307272678171145
2013-12-31,-0.04321832766101735
2016-02-26,-0.04301855815578544
2011-07-20,-0.04291994035393022
2011-05-20,-0.0427697334700153
2015-01-26,-0.04270798976715559
2009-05-19,-0.04259034956761783
2015-04-29,-0.04217345679917399
2011-12-08,-0.042110891089108884
2010-11-26,-0.04207083274645128
2015-06-01,-0.041903557399461805
2009-04-23,-0.04154906769074159
2013-12-18,-0.041429983497579724
2015-09-22,-0.04106581851615599
2014-12-23,-0.04103256619708152
2009-02-26,-0.04088248454464929
2011-08-17,-0.04074483456398285
2010-11-29,-0.04062945721853893
2012-06-19,-0.04049448530848648
2010-04-23,-0.04048589341692793
2016-04-19,-0.0404317079949357
2016-03-08,-0.040383953251149574
2011-03-10,-0.040332168791498285
2015-11-11,-0.04006103843595527
2015-01-27,-0.03999798597455049
2010-12-15,-0.039918217536426416
2009-09-15,-0.03987113339631321
2009-08-20,-0.039839205696494386
2011-08-16,-0.039695193920443954
2011-05-03,-0.039618452071389275
2012-03-13,-0.039398449126654696
2010-06-30,-0.03935514831822788
2009-10-28,-0.03935326326918629
2015-08-04,-0.03923853136650999
2013-03-27,-0.03910928071282331
2014-03-06,-0.03905908549293122
2011-12-23,-0.039018125095372815
2011-11-29,-0.03886803881053617
2011-12-30,-0.038866200005115495
2010-01-18,-0.03883816858438933
2011-05-19,-0.0386939858490566
2015-01-29,-0.038689758171060955
2010-01-05,-0.03853492104465723
2016-06-08,-0.03848305462406638
2013-02-08,-0.0384201867432496
2015-09-24,-0.03834398782343989
2010-12-22,-0.038311900356093116
2016-06-07,-0.03820840087502567
2010-04-29,-0.03813650712731117
2013-07-18,-0.03808794252960589
2011-07-22,-0.03796296598098423
2016-01-20,-0.03793496682816804
2009-03-04,-0.03789685578627219
2009-12-14,-0.03789633935367791
2012-09-14,-0.03778816172469489
2016-01-11,-0.03771711381540818
2009-04-02,-0.037668840242198486
2011-12-19,-0.037661308248161905
2013-10-22,-0.0375732351005156
2009-03-10,-0.03756727568078985
2011-05-18,-0.03756474208283173
2013-02-19,-0.03755199005067746
2010-05-12,-0.03751383881681658
2016-04-18,-0.03750406541838961
2015-03-02,-0.03709257315495142
2011-12-13,-0.03707373871251439
2010-08-09,-0.037056582049454424
2012-01-11,-0.03694351722976996
2010-11-19,-0.036878116299919786
2014-03-07,-0.03672360678116185
2010-05-06,-0.03664657594775043
2011-08-31,-0.03632173894716138
2013-09-23,-0.0363064203633068
2011-01-19,-0.03603133159268931
2012-08-09,-0.035987063067545705
2013-03-26,-0.03594493310809514
2015-12-23,-0.03588628122429766
2013-07-24,-0.03562679234377436
2010-05-10,-0.03561994661031476
2009-01-06,-0.035592958616429825
2016-06-06,-0.03555440906760119
2009-06-10,-0.035546680314022985
2010-05-24,-0.03545539017285709
2011-10-18,-0.035382935796096866
2010-04-26,-0.03537200504413614
2013-03-08,-0.03524068540390417
2016-12-09,-0.03523485130377534
2011-03-14,-0.035232245963738015
2013-06-04,-0.035070761243651764
2014-02-24,-0.03496484549629502
2010-12-16,-0.034872131391108896
2012-08-23,-0.0348362435930848
2010-01-12,-0.03482681361954447
2013-06-17,-0.0347818490415336
2010-11-22,-0.034779976922640454
2012-10-24,-0.03472168057613815
2011-12-20,-0.034689765131022655
2011-08-08,-0.03466122624288634
2015-12-03,-0.034633131517883435
2013-07-05,-0.03460493522239933
2013-04-19,-0.034430091995121925
2016-01-26,-0.03442260016119661
2011-02-21,-0.034353312399667296
2016-07-26,-0.03431011227707458
2011-06-14,-0.034256871417309064
2010-01-29,-0.034202411864575955
2009-12-07,-0.034182559562585306
2013-03-07,-0.03406401270481165
2015-02-04,-0.03405286071662698
2009-11-26,-0.033989620657702606
2011-06-15,-0.03398782364534681
2010-08-02,-0.03394600449734005
2010-12-21,-0.033869721896532215
2009-11-20,-0.03386110200743051
2009-04-24,-0.03384909576390739
2009-02-10,-0.03364334955044791
2009-07-06,-0.03361137862063852
2011-04-22,-0.033606671636454026
2016-02-25,-0.033418415417558876
2013-07-25,-0.03338278931750734
2010-12-17,-0.03337611527563347
2015-12-25,-0.03327601479860346
2013-04-22,-0.033224403023705155
2013-12-17,-0.03322044831478802
2011-07-21,-0.033189066208149924
2016-03-07,-0.03317723296530585
2011-11-14,-0.03310668315031624
2012-11-14,-0.03309327923494571
2011-09-02,-0.033090215239759524
2016-02-04,-0.033081386778166494
2010-04-28,-0.03307020517539182
2015-10-19,-0.03304019602849883
2010-10-26,-0.033028666389696724
2014-06-16,-0.03301305740330136
2015-10-16,-0.03301009883788389
2009-04-17,-0.032946138552603255
2015-05-05,-0.03290303773896851
2010-03-10,-0.03289640179407196
2010-03-11,-0.032837916196172955
2013-09-13,-0.03280967495680835
2009-09-23,-0.03278683167378536
2015-05-12,-0.03272724974828431
2012-09-19,-0.03265902129781309
2013-11-05,-0.0326080116789791
2011-03-09,-0.03257099728649898
2012-06-01,-0.03253703000379798
2011-12-01,-0.03252812924551304
2015-05-13,-0.03250650638770424
2013-07-04,-0.03248904130550232
2010-01-06,-0.03247847803192231
2012-10-23,-0.03244697415314348
2013-09-12,-0.032299746754671
2012-01-20,-0.03220331537604492
2015-03-04,-0.03209735982009856
2012-03-23,-0.03208457699750086
2012-03-02,-0.03201576160571348
2009-05-08,-0.03200536350664343
2011-10-19,-0.03197345804233711
2016-06-22,-0.03190532106344696
2014-03-05,-0.031844102071183586
2016-09-07,-0.0318035691836136
2012-05-31,-0.03164085652193726
2011-12-14,-0.03162487278308898
2012-05-30,-0.03154118065595367
2010-10-25,-0.031495972514277146
2014-01-03,-0.0314870917329469
2016-09-08,-0.03143827330546532
2012-07-13,-0.03141233070679785
2013-12-19,-0.031229500816751642
2010-09-07,-0.03120233581731814
2010-02-03,-0.031200475435816083
2012-08-10,-0.031186581935618355
2015-12-24,-0.031054473285632232
2010-12-07,-0.03101545460794797
2016-04-05,-0.03099718485889055
2013-02-07,-0.030990590136491844
2012-06-21,-0.030865622686272468
2011-11-16,-0.030852545952990917
2011-09-22,-0.030748150382210876
2013-10-21,-0.03069209976854489
2014-05-14,-0.030685380483066814
2012-09-13,-0.030637905380124113
2011-03-11,-0.03061544999353327
2010-06-02,-0.030530946172843104
2012-06-18,-0.03052444396232773
2011-11-17,-0.03051817792503429
2010-09-08,-0.030506848441949973
2011-04-21,-0.030494035938107556
2012-11-23,-0.03039659229800958
2015-11-12,-0.030366345920765574
2016-12-01,-0.030358705652671503
2010-04-27,-0.030349921664130437
2010-02-12,-0.030249624763170307
2013-10-24,-0.030247739022124517
2016-01-27,-0.030204583070281628
2009-03-27,-0.030156907156262753
2010-07-14,-0.03007977811358872
2013-03-11,-0.030053580314538378
2010-08-19,-0.029975739242536416
2011-08-02,-0.029840548238047968
2009-04-22,-0.029825950595432228
2010-01-20,-0.02982533149895558
2009-01-07,-0.029790076533518353
2016-03-04,-0.02975542116881982
2012-03-12,-0.029746835443037987
2012-01-10,-0.02974646045722914
2013-05-30,-0.02970785629688125
2013-06-03,-0.029704682204855087
2009-12-21,-0.02953818796332823
2012-07-19,-0.029501055966209073
2010-11-16,-0.029445913287101576
2015-09-16,-0.029408476240840118
2012-08-22,-0.029378068383291465
2011-12-26,-0.02936592884360136
2011-08-15,-0.029339794645427544
2009-03-24,-0.029297082119929346
2016-03-09,-0.029213095435738606
2011-03-08,-0.029147914881376916
2013-04-24,-0.029051362809447104
2011-09-07,-0.02894112821103321
2016-04-06,-0.028926824925633844
2011-06-08,-0.028883386236351883
2015-05-14,-0.028871804253762005
2015-01-06,-0.0287471230905286
2015-10-26,-0.028741300435187283
2009-03-11,-0.02872481286986921
2013-09-16,-0.028708153276925785
2013-03-06,-0.028688400875405536
2016-12-08,-0.02868472165388139
2011-09-08,-0.02865633084310859
2011-12-16,-0.028646977361064148
2010-09-15,-0.028638708769424526
2010-03-03,-0.02860501097424952
2012-09-17,-0.0285473945189711
2015-08-10,-0.028533234092979063
2012-07-06,-0.028496204415577077
2009-11-19,-0.028436981803406487
2013-07-15,-0.02833181640878964
2016-01-13,-0.02824885610352741
2014-04-23,-0.02823659137820276
2014-03-18,-0.028234952972924887
2009-12-18,-0.028141897669042976
2010-01-28,-0.02810791593509579
2012-11-26,-0.028093399521970902
2012-10-25,-0.02775353083919611
2010-02-04,-0.02761277494718532
2011-10-13,-0.02756703973559682
2015-11-10,-0.027561540628815218
2011-10-14,-0.027553150600275963
2013-10-23,-0.027550248295423865
2009-12-04,-0.027465424634073296
2013-07-26,-0.027441423374894983
2011-04-25,-0.02743747634302394
2010-11-18,-0.02742728624251901
2013-12-10,-0.027338463795998955
2012-05-23,-0.027334181675054452
2010-01-15,-0.027254403142353327
2011-04-29,-0.027208774963040885
2009-05-21,-0.027174446638375864
2013-08-13,-0.027150529657873727
2011-06-01,-0.027012452690759872
2010-08-24,-0.026928083026825006
2012-08-24,-0.026915031990438026
2015-06-08,-0.026910109736166185
2011-09-09,-0.02688388965828091
2014-04-17,-0.026847357065803674
2012-05-08,-0.026798369950389762
2014-04-24,-0.026793336589864096
2016-06-23,-0.02673771059756469
2014-04-18,-0.02670736531683803
2011-08-26,-0.026695665961216256
2012-09-12,-0.02667591926105692
2009-05-18,-0.026613818549262314
2015-10-27,-0.026527465431631432
2009-06-11,-0.026441520378980475
2010-05-31,-0.026391322847479158
2014-03-17,-0.026383081977004612
2010-06-04,-0.02635558357230566
2010-06-11,-0.02629699840876871
2012-08-14,-0.02624500428507188
2013-09-24,-0.026200033553064887
2013-10-14,-0.026191689517661904
2013-08-20,-0.02618412346970976
2011-05-31,-0.026166393475392784
2016-09-09,-0.026129883907366945
2011-06-07,-0.02609294801382048
2009-06-09,-0.026089658713216345
2013-11-12,-0.026064102564102472
2014-01-08,-0.026009072621113224
2016-01-29,-0.025976803152653244
2009-05-13,-0.025973610612613367
2016-05-03,-0.025949575857154378
2011-04-26,-0.025942753856439002
2011-01-07,-0.025929855808401285
2011-02-17,-0.02590336762263893
2012-11-12,-0.025903146301929494
2012-03-09,-0.025882971136883995
2015-04-23,-0.02585379538441107
2012-03-05,-0.025752056183572958
2010-08-06,-0.02571385186667855
2011-11-28,-0.025702205710910545
2012-02-03,-0.02569341085116669
2010-01-27,-0.025677099453818457
2012-04-20,-0.0256505915853269
2015-04-22,-0.02563182912395237
2010-07-12,-0.025569646740551913
2011-09-16,-0.02556337075117315
2013-04-01,-0.025545586176745474
2015-01-30,-0.025419361225719774
2014-10-20,-0.02533089448448079
2010-07-01,-0.025284334955088476
2012-05-07,-0.02516760002649224
2011-09-23,-0.025042330341489696
2014-01-16,-0.025037977430555605
2012-02-06,-0.025004791719908135
2011-09-27,-0.024902573278541878
2013-11-06,-0.02488559932358084
2010-02-22,-0.024869020888616818
2012-11-06,-0.024858106368962712
2013-07-23,-0.024728136143770167
2013-04-11,-0.024722746864255015
2012-05-10,-0.02469131156363258
2014-03-03,-0.024616845555773717
2009-09-14,-0.02457650020191962
2015-01-05,-0.02456103736331334
2013-08-21,-0.02454745104154487
2012-11-05,-0.02453646584530906
2010-06-22,-0.024449298061586636
2011-03-28,-0.024433456817511887
2011-11-25,-0.02443219181546865
2013-12-12,-0.024410687092584836
2009-03-23,-0.024366747424561082
2015-08-11,-0.02430735712511709
2014-09-12,-0.024307321314326013
2014-12-10,-0.02428955006130589
2013-10-15,-0.024210543379587515
2013-03-22,-0.024191176751416046
2011-11-09,-0.024185488706776
2010-03-22,-0.024165589242512768
2015-01-09,-0.02407858528443171
2016-05-06,-0.024067596275176798
2016-12-12,-0.024064437782692603
2015-02-05,-0.024063321403644245
2010-12-27,-0.024031280345580792
2012-04-06,-0.02400161915684789
2013-05-10,-0.023996001322397417
2012-11-07,-0.02394306472977186
2010-03-01,-0.02389589763026334
2009-05-22,-0.023862691010989843
2015-10-23,-0.02384045877622335
2014-09-15,-0.023838929258695428
2012-05-11,-0.023830832941462064
2013-10-11,-0.023815986161692847
2011-09-15,-0.02379949066524991
2013-07-02,-0.02378059208453728
2011-01-06,-0.02377802534465941
2011-09-29,-0.023773462433060975
2014-01-15,-0.02375800157541627
2012-07-12,-0.023640565413730164
2016-12-02,-0.023573584210600775
2012-05-22,-0.023550635007021842
2014-10-22,-0.023550425032249547
2012-07-18,-0.023538523985851174
2013-05-31,-0.023495739382987376
2016-03-25,-0.023472240463815956
2015-09-23,-0.023450596531444694
2010-06-03,-0.02339843864214496
2013-12-13,-0.023347904131901763
2017-08-08,-0.023342737948829215
2010-01-04,-0.023325215049657316
2009-01-09,-0.02332188263994943
2016-09-22,-0.023299059286808088
2016-06-21,-0.023291225630327962
2015-04-27,-0.023254894864162746
2011-08-18,-0.02322660315780186
2012-03-19,-0.023171014558880022
2011-05-10,-0.02316045185556344
2015-12-22,-0.02312515960616295
2014-06-17,-0.023123332119631128
2011-04-18,-0.023102064629819292
2010-07-13,-0.023077594616240166
2011-01-05,-0.02305977340143467
2010-06-10,-0.023058014123533595
2014-05-16,-0.023038747407907734
2017-08-09,-0.02303647240447699
2011-04-15,-0.022956647037458283
2013-03-21,-0.022952286624423033
2016-03-23,-0.022931995092843535
2010-01-26,-0.022924633033181246
2013-04-02,-0.02288056177832113
2016-12-13,-0.022877851655193505
2009-10-27,-0.022840541584206082
2015-10-29,-0.022836943262832882
2009-12-10,-0.02281088213259382
2016-11-30,-0.022798191068400184
2016-07-25,-0.022742959370328306
2014-01-29,-0.0227401269425169
2010-07-02,-0.022737765921763596
2009-03-26,-0.022671274583734833
2012-10-22,-0.02262992240315351
2013-07-11,-0.022615819039064032
2011-12-02,-0.022578412472480765
2013-08-22,-0.022574470578533103
2011-08-25,-0.022559782908149282
2015-09-25,-0.02255913612524942
2017-05-04,-0.02255910750530924
2015-03-05,-0.022552154538746334
2012-11-13,-0.022355408508253346
2011-09-28,-0.02233594704645308
2010-03-09,-0.02230584477261597
2012-05-04,-0.02229848152348408
2009-12-08,-0.022240495361504603
2015-03-23,-0.022225243324622425
2009-12-11,-0.02220407158561354
2012-08-28,-0.02219879289316973
2013-04-10,-0.0221944143788903
2012-08-15,-0.022156364057453994
2010-10-19,-0.02211709082937605
2017-07-14,-0.022068056676991445
2013-11-04,-0.021928626940284326
2014-03-04,-0.021892897856034356
2010-11-08,-0.02186796371496134
2009-12-31,-0.021819625917308034
2014-04-11,-0.021808541091395923
2012-09-18,-0.021791843381471155
2013-04-03,-0.021763201868293443
2009-04-16,-0.02176315818853713
2009-04-15,-0.02171947048556179
2014-10-15,-0.021701631985453697
2013-01-15,-0.02164600556270371
2010-03-02,-0.02161123929404089
2016-12-07,-0.021566568366539605
2011-01-21,-0.02155215756202536
2017-05-03,-0.0215520651132538
2016-12-21,-0.021413552031726377
2012-04-05,-0.02128277678951621
2016-02-03,-0.02123690921916541
2011-05-24,-0.02119806226910127
2015-02-27,-0.021179229968316542
2014-04-10,-0.021145591443248353
2014-08-05,-0.02112815751155378
2010-04-21,-0.021104959402844875
2017-01-11,-0.0210796221322537
2014-09-19,-0.021070340300427554
2013-12-06,-0.021021167969530595
2016-07-22,-0.021006709744632826
2010-02-11,-0.02095081356353256
2014-07-08,-0.020945025613743652
2014-04-14,-0.0209202992140562
2010-04-02,-0.02089306939410394
2013-06-14,-0.020862556221733997
2016-03-21,-0.020812816977694652
2011-07-28,-0.02079503522307943
2014-08-04,-0.020773524385213085
2012-03-16,-0.02075455876074885
2010-08-23,-0.020737589729955545
2014-10-09,-0.020709522754285798
2009-06-04,-0.02066187050359719
2015-12-07,-0.020642096100184224
2011-05-11,-0.020635339529234485
2011-12-07,-0.020611257678296725
2011-07-18,-0.020604624351501854
2016-12-22,-0.020571579322894617
2010-06-17,-0.020567099204077635
2011-02-18,-0.020514465048507517
2014-04-16,-0.02050140423644922
2017-06-13,-0.020467468951251625
2013-12-09,-0.020453961246414583
2013-01-08,-0.020444852751917614
2011-10-28,-0.02041328598533794
2015-12-21,-0.020406262852531158
2014-08-22,-0.02036899245780781
2012-07-04,-0.020272463203674054
2015-06-09,-0.020269075836959704
2010-04-06,-0.020257610553457428
2013-09-25,-0.020242648299938687
2015-03-24,-0.020178452322523015
2010-01-11,-0.020172025100156584
2013-05-13,-0.020112455892870584
2012-11-15,-0.02009463808681537
2012-11-02,-0.020054014921296777
2013-03-12,-0.020014790989235483
2016-07-28,-0.019989817269662254
2013-07-01,-0.019960963620262902
2011-11-21,-0.019921906433331252
2011-09-14,-0.01987113581231635
2011-11-22,-0.01983927770773375
2010-03-12,-0.01980433821095972
2009-05-15,-0.019741641989614117
2012-07-03,-0.01973492336109393
2011-08-01,-0.019716427333664546
2012-10-10,-0.019646145637918805
2014-05-13,-0.019615145872129047
2014-10-21,-0.01958995475447835
2017-04-14,-0.019500932166929524
2013-11-07,-0.01946123774326555
2011-03-16,-0.01943230096668921
2011-11-04,-0.019430122116689215
2011-04-27,-0.019429817728618206
2016-05-23,-0.019363699380024666
2010-08-20,-0.019349073431941817
2014-10-08,-0.019298896860045645
2014-11-14,-0.01928255117024202
2010-08-04,-0.01925998546809748
2014-01-28,-0.01925346643482032
2015-06-10,-0.019174588584527214
2010-08-30,-0.01915602347847868
2015-11-19,-0.019133926892134247
2012-05-15,-0.01912988992767538
2012-05-17,-0.019116735655753482
2016-07-27,-0.019106716714725996
2013-02-06,-0.019082511960343627
2017-08-10,-0.01906122844409996
2014-01-09,-0.019039519039519018
2012-07-20,-0.019033125560257515
2011-12-21,-0.019024329766449632
2015-11-20,-0.01898060078741418
2017-07-24,-0.018958346133400243
2013-05-09,-0.018957270975832673
2013-11-18,-0.01894684836757379
2012-11-27,-0.018915299631737454
2009-06-08,-0.018911439114391217
2011-06-16,-0.018909507194318605
2014-06-18,-0.01885901566492602
2017-08-02,-0.018849462222635806
2013-12-11,-0.018787612526733027
2011-07-11,-0.01876198521782978
2011-04-14,-0.01873233220816093
2016-09-23,-0.018692359120424225
2011-03-25,-0.018628129477186048
2014-08-06,-0.018589043762324217
2012-09-03,-0.01858308988184182
2016-03-24,-0.018570957147571284
2016-08-23,-0.01855869388927623
2013-04-12,-0.018476022598503006
2012-07-02,-0.01835115445149348
2009-04-14,-0.01832737488185827
2017-06-12,-0.018308018990652968
2012-03-28,-0.01825124247444344
2009-01-20,-0.018245201684780214
2011-07-15,-0.01823010716260398
2013-11-20,-0.018211435758912865
2012-03-21,-0.0181969943465274
2014-05-30,-0.01815475362399492
2017-04-21,-0.018117624661430298
2011-02-16,-0.018063554900216494
2016-05-16,-0.01804342699115756
2015-11-09,-0.01799050089054155
2015-12-04,-0.01797372735949368
2011-08-30,-0.017936194021972385
2012-02-02,-0.017914601969238678
2014-05-15,-0.01789578747061672
2012-04-23,-0.017873862258445738
2013-12-25,-0.017868995405859178
2011-07-29,-0.017856181529433836
2017-07-13,-0.01777906762283971
2010-09-06,-0.01777761345034951
2012-08-27,-0.017718337671663236
2014-01-24,-0.017682839941576732
2017-04-17,-0.01765260320580235
2013-02-05,-0.01761025803844598
2013-05-29,-0.017600357229353266
2013-10-30,-0.01757861987895995
2013-02-21,-0.017574840550841818
2014-05-29,-0.01756250116000664
2010-06-23,-0.01754583123375457
2017-05-02,-0.01751600721419024
2011-07-08,-0.017490142095343355
2014-08-19,-0.017462743760448297
2013-11-28,-0.01742958684664668
2015-02-26,-0.017413005075288215
2010-12-14,-0.017400373760884755
2014-08-18,-0.017375850683916078
2014-11-13,-0.017373776528733467
2016-02-02,-0.017367196496168896
2017-04-13,-0.017325021268604787
2011-07-27,-0.017323044615923152
2013-08-19,-0.01731984232852784
2014-05-12,-0.01729776839980736
2015-01-23,-0.017277341792352737
2010-08-18,-0.017260397091265717
2013-11-01,-0.01725815108010191
2013-05-22,-0.017245791683059432
2014-11-17,-0.017241244984612897
2009-12-30,-0.017196517986096747
2013-10-25,-0.01716654845137968
2012-08-16,-0.017123125272129336
2016-08-22,-0.017076291885314933
2014-05-06,-0.017030310615436573
2015-12-02,-0.017026021306035786
2016-12-16,-0.016963386460970228
2011-01-31,-0.01695427611156808
2011-04-08,-0.016953145501825008
2012-05-14,-0.016948763730486892
2012-08-21,-0.01691230496607151
2014-07-07,-0.016895726212958744
2014-01-07,-0.016881143878463
2010-08-17,-0.016874611272172386
2014-03-26,-0.016872020450933927
2010-12-06,-0.01685320495203087
2017-08-01,-0.01680997671322257
2012-07-17,-0.016796454311987296
2010-03-23,-0.016784864924272728
2017-01-13,-0.016777563247196405
2010-06-21,-0.01676220753346316
2009-06-19,-0.016737012987013047
2010-04-07,-0.01672596288696309
2014-01-14,-0.016706961610592586
2009-11-10,-0.016673421276450027
2012-03-22,-0.016661828737300505
2010-08-03,-0.01665055810074767
2017-04-20,-0.016631277895740395
2014-04-25,-0.01662953275856489
2012-05-09,-0.01661705882574301
2016-04-14,-0.01656068843621311
2011-03-07,-0.016548158500049568
2010-09-27,-0.01638881526180457
2011-05-13,-0.016348634470235934
2012-11-08,-0.016340000267211805
2012-08-08,-0.01631517281780912
2010-04-09,-0.016311697842961406
2012-06-13,-0.016302157604315096
2012-11-01,-0.01626281616098312
2017-05-05,-0.01624809685000962
2014-02-17,-0.01622217896307832
2017-01-12,-0.016098890168253104
2010-06-01,-0.016066847414144835
2013-05-21,-0.016050633879572365
2011-05-25,-0.016044998227626294
2017-03-27,-0.016006141389978284
2011-03-01,-0.01599439612398574
2016-12-14,-0.015966498468459083
2016-03-22,-0.01595578137448495
2013-11-11,-0.01592476326595808
2013-08-27,-0.015921362906257466
2017-04-12,-0.01588857481535522
2011-09-13,-0.01586233770053086
2014-08-21,-0.015741810520592613
2011-11-08,-0.015621162073680899
2012-11-09,-0.015582885600556946
2013-06-28,-0.015581830740148305
2017-06-29,-0.015574447439646937
2010-11-01,-0.015522647632155537
2013-12-16,-0.015511503767019163
2016-05-11,-0.015502090625111493
2012-03-20,-0.01544622646984837
2016-07-14,-0.015429875852976843
2013-08-06,-0.015394743726129622
2017-06-30,-0.01536489582197015
2017-10-27,-0.015340740980166391
2016-12-15,-0.01531539352718059
2016-07-15,-0.015285628822933443
2012-09-28,-0.015263114285838882
2012-02-28,-0.015249055384869597
2012-06-26,-0.015242921329091524
2011-01-04,-0.015220962604399103
2014-06-03,-0.01516800625139546
2010-08-31,-0.015162631450232325
2012-01-30,-0.01514597353620078
2011-07-07,-0.01511438962110845
2016-05-17,-0.015087394119286312
2012-04-13,-0.015082640624697096
2014-09-11,-0.01504879407456304
2016-08-24,-0.015030661949751695
2012-06-05,-0.015018524018696085
2011-05-23,-0.015011677219167878
2013-05-28,-0.014979049751168571
2017-03-16,-0.014844133723585538
2012-08-13,-0.014826121525725636
2014-10-14,-0.014779935910012367
2013-01-14,-0.014761106714460737
2012-02-10,-0.014729912141520713
2016-07-29,-0.014725665042619483
2014-10-10,-0.014691157334025103
2011-03-29,-0.01467473710704177
2012-07-24,-0.01460443857086933
2017-04-07,-0.01459007351895975
2011-04-20,-0.014585406704371726
2017-01-10,-0.014561068645463316
2013-01-16,-0.014520253464178616
2012-08-17,-0.014493317426560938
2012-06-06,-0.01446390865723009
2011-05-04,-0.014419804220477382
2011-04-13,-0.014374130716512086
2014-03-13,-0.014371615591988041
2014-09-18,-0.014344075128909738
2016-04-07,-0.014330272427857808
2014-10-23,-0.014299189462173602
2012-10-09,-0.014287807737397264
2014-01-22,-0.014261520634637667
2017-01-09,-0.014251315437438704
2015-10-28,-0.014244294905983692
2010-06-09,-0.014194160589188943
2016-09-21,-0.01419195258736796
2014-08-25,-0.014179251000913521
2010-11-05,-0.014153033401499766
2014-11-12,-0.014127015942520617
2017-04-28,-0.014091140344501723
2012-08-01,-0.014008013058317241
2011-08-19,-0.013976051231274366
2014-07-04,-0.013971634460916878
2014-10-16,-0.013905309709170706
2014-08-20,-0.013879144936478693
2011-11-07,-0.013865692096847895
2017-02-22,-0.013860552015038382
2015-11-17,-0.013856997278089802
2016-04-20,-0.013806848725098497
2013-05-08,-0.013768286927796216
2011-06-28,-0.013735604409332913
2014-03-25,-0.01373227129743756
2016-04-26,-0.01368915059323846
2012-09-10,-0.013689092135971113
2017-03-28,-0.013672218363541535
2017-05-08,-0.013671508659316864
2017-04-06,-0.013633841294233237
2014-03-24,-0.013613287082768651
2014-07-15,-0.013577136341483692
2011-06-10,-0.013565479265208779
2009-06-03,-0.013513007800938222
2011-05-05,-0.013502360753905812
2014-09-09,-0.013332133713939815
2014-04-22,-0.013273852876912011
2016-11-29,-0.013257426964904995
2011-01-11,-0.013251539239404482
2017-04-26,-0.013247493599753822
2014-08-11,-0.013220030862240254
2013-01-07,-0.013209831269050747
2017-03-01,-0.013188026971698259
2015-10-12,-0.01315953580513326
2013-08-28,-0.013148286556188469
2012-02-27,-0.013065720082662996
2014-09-05,-0.013061087838775888
2014-05-05,-0.013053740603857063
2017-05-16,-0.013043034430461042
2012-02-09,-0.013019772816232544
2012-10-19,-0.012990520778402178
2016-08-15,-0.01288670426884972
2013-10-09,-0.012862837160394177
2016-06-03,-0.012849093696795258
2017-06-09,-0.012834960306696855
2017-04-18,-0.012773121863033195
2012-06-25,-0.01273346034227289
2012-11-16,-0.012722529440943499
2014-04-30,-0.012706957093752531
2012-05-29,-0.012682724409151741
2017-04-27,-0.012661312784328253
2010-04-13,-0.0126602431804511
2017-07-25,-0.012652034111561569
2012-02-08,-0.012633294307502296
2014-04-29,-0.012620050313416347
2012-11-22,-0.012550802507405286
2012-12-10,-0.012544858105281801
2014-06-05,-0.012377941039709798
2017-03-29,-0.012357186763207836
2013-11-21,-0.012273909850248312
2016-08-19,-0.012270357977069962
2016-12-23,-0.012259644455194016
2013-08-26,-0.012236579580582427
2016-04-13,-0.012178893597188998
2017-04-19,-0.012159448384737741
2012-06-27,-0.012140405361229175
2013-11-19,-0.012138498275404511
2011-05-26,-0.012093822816430401
2011-07-05,-0.012064051240992817
2017-04-25,-0.012040209592062657
2011-06-27,-0.012033630935718532
2014-11-04,-0.012012717006808156
2012-02-15,-0.011990069069387146
2016-12-19,-0.011928578723813312
2013-12-04,-0.011926598091421084
2017-07-21,-0.011913318671887592
2011-07-19,-0.011912262166694094
2016-04-22,-0.011902737094081692
2011-07-04,-0.011899499676487386
2014-04-15,-0.01184591784557689
2017-05-09,-0.011823906124628364
2016-05-12,-0.011805290375193364
2010-08-10,-0.011798181201988278
2016-05-24,-0.011790204859705666
2012-08-29,-0.011779791494530071
2014-11-03,-0.011768920021492173
2013-04-09,-0.011749677637049446
2016-08-18,-0.011749180410701101
2014-07-16,-0.01170959108560166
2014-01-23,-0.011613475574513114
2013-05-20,-0.011595602408022737
2017-02-28,-0.01157897480602756
2011-06-03,-0.011539169889664653
2016-05-13,-0.011538436522338652
2012-11-21,-0.011499384937810485
2012-10-18,-0.01148505188178484
2017-04-11,-0.011480298976780713
2015-03-03,-0.011465549188973531
2012-03-14,-0.01138915439271281
2017-03-07,-0.01137245364740767
2014-07-14,-0.011364054960032548
2011-02-28,-0.011337959475978225
2010-12-13,-0.011327605134526826
2012-10-12,-0.011312501898434892
2014-01-10,-0.011311427081207364
2014-02-25,-0.011288700640897755
2012-04-12,-0.011247101663528367
2016-10-26,-0.011169071181590632
2017-09-05,-0.011166565121012214
2016-08-17,-0.011141251982627111
2017-04-10,-0.011126517057806536
2016-05-10,-0.011107454604103516
2012-06-11,-0.011066115250209282
2017-07-03,-0.01106317706835391
2012-07-25,-0.011050472865326568
2016-07-18,-0.010980925929332181
2016-08-16,-0.010970176866720919
2014-08-13,-0.01092882275636958
2017-10-31,-0.010904180975960288
2017-08-28,-0.01088294458858466
2011-11-18,-0.010869023092357894
2012-11-19,-0.010855222322861105
2014-05-28,-0.010662179915642986
2017-06-01,-0.010661169783917606
2016-07-21,-0.010570265517199005
2017-03-08,-0.01045022370553797
2016-05-25,-0.01039150374440626
2016-10-14,-0.010378571320537818
2017-08-07,-0.010360122249979238
2016-12-26,-0.010323862268239881
2011-06-17,-0.010286429519805268
2016-07-06,-0.01020890325789609
2011-11-24,-0.010205066997307777
2016-11-01,-0.010184427144579579
2011-11-23,-0.010181849141450846
2017-08-03,-0.010158725049157255
2014-08-12,-0.010152521159924604
2011-07-26,-0.009970548430536965
2014-10-17,-0.009898719350624382
2014-03-27,-0.009876096506487405
2017-01-26,-0.009837778486168647
2010-09-16,-0.009808278424936662
2017-03-15,-0.009761407074638226
2017-03-24,-0.009757565337001298
2012-09-07,-0.009649660363027333
2016-10-24,-0.0096359997386847
2016-08-31,-0.009625006385619209
2016-10-25,-0.009597766856226436
2013-12-05,-0.009589984604164825
2016-09-12,-0.009581315515233177
2016-11-04,-0.009567195461172255
2017-10-30,-0.009561764911265548
2016-07-13,-0.009473418076256419
2016-10-13,-0.009419708415969032
2017-02-24,-0.009352735437626778
2017-07-20,-0.009231885759415965
2017-03-06,-0.009226805320210819
2017-09-06,-0.009214303342035823
2017-02-23,-0.009201570831365965
2012-10-26,-0.009012816349408903
2014-02-28,-0.008894110520107967
2016-09-13,-0.00889173795290654
2011-07-06,-0.008815849902527794
2011-07-14,-0.0087812205126229
2017-08-29,-0.0087754984952563
2014-06-24,-0.008760641918669147
2017-05-31,-0.008752089965873481
2014-09-24,-0.00874743023760581
2017-08-30,-0.008713454867902957
2013-01-04,-0.008683217068542777
2016-06-15,-0.008628628821353007
2016-10-12,-0.008627246584101337
2017-10-18,-0.008610198369234523
2009-11-17,-0.008554852756762706
2016-12-27,-0.008530359818959762
2016-10-27,-0.008479540903248914
2016-07-19,-0.008416891660996956
2017-06-27,-0.008351656724866003
2016-05-20,-0.008326240489633508
2017-07-05,-0.008230227779477958
2017-09-20,-0.008151070673842705
2017-02-21,-0.00791599910417425
2013-09-03,-0.007887024846039568
2014-07-03,-0.007719510684848534
2017-09-21,-0.0076710215695368865
2017-09-22,-0.007647750102273977
2017-05-17,-0.007636430819039453
2016-07-05,-0.007460918257269264
2017-06-14,-0.007453398580035743
2016-04-21,-0.007432133139277284
2016-09-06,-0.007356482769555753
2017-01-04,-0.007113359518571638
2017-01-05,-0.006960053922602079
2010-03-19,-0.00693409272375646
2016-10-28,-0.006826081619577735
2016-12-05,-0.006816720998671139
2016-11-03,-0.006769506907690492
2016-07-04,-0.006630885886354417
2017-06-26,-0.006559271991690483
2017-03-02,-0.006483071817414335
2016-10-11,-0.006299598374141079
2017-09-13,-0.0062691764191526445
2017-09-18,-0.0059456590184068
2017-02-13,-0.005587437577845889
2016-11-14,-0.005063770862182025
2017-09-12,-0.005057413762106098
2014-06-20,-0.005007651879273384
2016-11-15,-0.00495354051319723
2017-09-25,0.003871349655167047
2016-10-10,0.004289786785756605
2017-09-04,0.00511490994950101
2017-09-07,0.005449271124085124
2017-02-03,0.005706659850378593
2017-01-25,0.005918421754198886
2016-08-25,0.006038132711991955
2017-03-17,0.006062435247445411
2016-10-18,0.006090933451358347
2017-03-20,0.006148521137172038
2017-02-20,0.0062136492874612665
2016-09-27,0.006230039342744752
2014-08-26,0.006316450739859401
2014-10-31,0.006318970466288156
2017-02-14,0.00633331392979794
2017-09-08,0.006468913928159771
2017-06-28,0.006469802559946504
2017-04-05,0.006544155210352006
2016-08-30,0.006636493467673519
2017-10-13,0.0067380770211680876
2017-07-19,0.006820832495475583
2017-01-06,0.006822655757586663
2014-07-02,0.007061684946588201
2017-01-20,0.0071090259293150925
2017-10-19,0.007186009538950716
2014-09-25,0.0073533937635670826
2017-08-15,0.007401391234896315
2017-09-19,0.007484108013319075
2017-09-11,0.007538588213767514
2017-08-14,0.007562224604025262
2017-02-27,0.007683781070274103
2009-11-16,0.007750013790060099
2016-08-01,0.007787686389806201
2014-01-27,0.007825192245207474
2017-10-16,0.007911178116495684
2016-08-29,0.007917697065705578
2014-06-23,0.007965849932758855
2017-10-17,0.008009056827503646
2017-09-15,0.008106908882102666
2014-08-15,0.00811644299850901
2016-08-26,0.008127991678484605
2017-09-26,0.00822868628918692
2012-07-26,0.008323784126876118
2017-08-21,0.008412211740742493
2017-05-25,0.008440295381649407
2017-09-14,0.008459618377215452
2017-08-04,0.008474530556319776
2016-04-25,0.008475567910487796
2016-07-12,0.008496324675086597
2017-03-03,0.008512599697770573
2017-07-11,0.008793699483220379
2017-10-12,0.00880921044224952
2017-09-01,0.009071827992920058
2017-10-09,0.009074728054381401
2017-05-19,0.009083831543693193
2012-06-07,0.009145693853307005
2014-06-30,0.009163464380727232
2014-06-13,0.009236113663934294
2017-01-03,0.009329100630417368
2017-01-24,0.009341794349745216
2012-07-27,0.009369505897978282
2014-07-01,0.009424548176072777
2011-06-24,0.009430316402805044
2017-01-23,0.009452807305414907
2013-01-18,0.009474308787720057
2017-01-16,0.009492536414165063
2017-03-21,0.00951144575706442
2016-11-17,0.00951250243705121
2014-02-14,0.009518333137303549
2014-06-19,0.00955376579168849
2014-02-11,0.009586272073364889
2017-10-10,0.009591604839248698
2017-01-17,0.00963515674791656
2012-05-03,0.009771430269884742
2012-06-04,0.00977323438959284
2016-11-16,0.009782510445854964
2012-06-15,0.009801211035610527
2017-03-13,0.009840663948411035
2014-06-27,0.009882525834085179
2017-06-15,0.00989290946755116
2017-02-06,0.009895618713332437
2016-05-18,0.009921643785609072
2009-11-18,0.009927745624932845
2016-09-14,0.009932905799495503
2017-08-17,0.009945502622753398
2017-05-26,0.009955666397542858
2017-10-26,0.009955979346851752
2013-03-28,0.010066818709238527
2016-12-20,0.010099544885858847
2010-03-29,0.010105581592001303
2017-02-10,0.01011867619357327
2014-04-21,0.01014973139787396
2016-05-31,0.010155983795858118
2011-07-13,0.010195573440643887
2017-05-15,0.010231849352345631
2017-03-14,0.01025258267301958
2014-05-26,0.010255197172515574
2014-06-26,0.01026951067433514
2012-08-07,0.010276825444666383
2017-04-24,0.01029068039145968
2014-10-13,0.010326075887492766
2014-06-10,0.010350395832080162
2016-11-11,0.0103592979088265
2013-11-22,0.010362975195582875
2009-11-09,0.010412524779806594
2016-07-20,0.010427444936233753
2011-04-19,0.01044659734632756
2014-05-23,0.010593881056223076
2014-02-12,0.010618657937806843
2014-01-06,0.010693992781331547
2017-05-18,0.010788349994555755
2014-07-09,0.010792522024842838
2016-06-28,0.010795816860094416
2017-03-10,0.010939674260259227
2016-06-02,0.010940608127308923
2012-09-11,0.010947752704497164
2011-12-05,0.010989969818235195
2012-11-28,0.011013733115407143
2010-03-08,0.011055389540439168
2017-07-26,0.011100046148988395
2010-07-22,0.011117143483779136
2012-08-20,0.01111743469213097
2012-08-06,0.011120845402224062
2011-05-09,0.011147819641122601
2017-03-09,0.011219922146287888
2017-07-06,0.011231933553728075
2016-08-02,0.011232185133503617
2017-08-31,0.011302716576532687
2016-09-05,0.011350491613649597
2012-07-23,0.011380594648753113
2012-08-30,0.01139112857640289
2016-08-09,0.011436975357539807
2017-10-11,0.011461325393510635
2014-07-28,0.011467791213047071
2013-06-13,0.011496120736351803
2017-08-16,0.011573936489239304
2011-07-25,0.011589164131537044
2011-05-12,0.011606912561258705
2017-08-22,0.011638195240252542
2016-09-26,0.011641844808525897
2016-05-19,0.011748571428571435
2012-06-29,0.011756533325750242
2013-12-24,0.011768818966459012
2013-03-29,0.011775173541529774
2017-01-18,0.011789648945759198
2014-09-04,0.011816735498017523
2012-02-13,0.011883980126225383
2014-09-10,0.011938678605345258
2017-06-08,0.011993889322602215
2014-09-17,0.012001682401002847
2014-08-27,0.012012424868640969
2013-10-08,0.012019772218149614
2014-06-04,0.012042644965159548
2013-03-20,0.012045192458728763
2015-12-28,0.012069330915353664
2016-05-09,0.012154148263646577
2012-09-21,0.012159740980237118
2010-03-17,0.012217769523995699
2009-05-12,0.012246464124853003
2016-09-19,0.012282723283238105
2016-08-08,0.01232151580926243
2013-12-23,0.01235664886632234
2012-04-18,0.012377351523706703
2017-07-07,0.012385357487698125
2017-07-31,0.012434889388876559
2011-05-17,0.012483833595953708
2013-05-07,0.012676189949168819
2017-03-23,0.012709489945060342
2012-04-16,0.012750384609407844
2012-05-02,0.012778135934920727
2012-06-14,0.012810398294029779
2016-08-03,0.012829144107893759
2017-08-18,0.01283066687787105
2013-12-27,0.012845781165888198
2012-10-11,0.012864110348182169
2017-07-04,0.0129254857761645
2014-07-31,0.012985852568875644
2017-07-10,0.01300602952084057
2011-12-06,0.013018908414602065
2016-06-01,0.013035705810697447
2017-10-20,0.01304862676190846
2016-09-02,0.01305026085434702
2017-02-09,0.013067199797426047
2010-04-01,0.013078100078716286
2016-10-31,0.013101418346181849
2016-12-28,0.013134901526095765
2013-10-31,0.013135500396003022
2012-12-07,0.013138920044864597
2013-02-22,0.013282754371100762
2011-03-17,0.013405899096055841
2012-12-17,0.013491359276630031
2010-03-30,0.01351170727505481
2014-06-06,0.013533390795982765
2012-12-25,0.01355993122010802
2011-04-11,0.013580606162421285
2012-09-20,0.013593205674081999
2014-04-28,0.013681691077626401
2011-11-03,0.013733921218525525
2014-06-09,0.013742339336919207
2016-06-20,0.013756678350098053
2016-11-28,0.01375923600031679
2013-03-05,0.013786740175613123
2014-05-21,0.013816125211268368
2016-11-07,0.013832490712300232
2016-06-27,0.013837348664013227
2011-05-06,0.013855962068302684
2014-03-14,0.013953006349983931
2015-11-23,0.013987541762803262
2016-11-02,0.01399193004034976
2016-09-01,0.014044790675979347
2016-09-20,0.01406029348560193
2016-12-06,0.014101730193833671
2012-12-31,0.014102538694782054
2009-11-06,0.014117059333566868
2017-10-25,0.014179207684280751
2010-03-18,0.014191060580557264
2014-02-26,0.01424140592860343
2013-05-06,0.014263770892881257
2014-03-28,0.01427064503687321
2017-02-16,0.014286835245122776
2011-02-14,0.01432680778096024
2014-05-27,0.014348384933497235
2013-02-04,0.014348460533545788
2017-05-12,0.014352893914420151
2013-08-12,0.01437017328363345
2012-08-31,0.014372729457972605
2015-05-11,0.014384301987195532
2011-11-02,0.014439959305569197
2010-02-25,0.014507325044879687
2017-06-02,0.014507344020237982
2016-06-17,0.01450957445440388
2011-05-27,0.014595165541235983
2013-12-30,0.014616475172431843
2011-03-15,0.01464437758274138
2013-05-17,0.014667926930421859
2013-04-08,0.014678639323706654
2011-02-15,0.014790205334916304
2017-06-23,0.014808660513182907
2017-01-19,0.014853016709268288
2017-02-15,0.014872680618754913
2010-02-10,0.014878054092398164
2012-04-24,0.014933566742294277
2013-11-08,0.014982993565718661
2013-10-29,0.015092430598005828
2009-11-04,0.015096022166311125
2012-07-30,0.01512550357694824
2014-03-21,0.015142671854733924
2014-09-30,0.015144900631989665
2013-12-20,0.015227334579964382
2012-02-16,0.01525194493842829
2015-12-08,0.01526350944791919
2016-11-22,0.015263698116689171
2014-04-01,0.015269681153524206
2016-11-08,0.015291653812382882
2014-01-13,0.015307610955107574
2010-09-17,0.015433166629971067
2015-12-14,0.015498528825323599
2016-04-01,0.015531256498514836
2014-07-10,0.015596051986839991
2013-08-05,0.015603534167570186
2011-04-12,0.015609735569335974
2017-07-27,0.015680770650209185
2011-01-10,0.015716542425012598
2010-11-24,0.01574106715685047
2017-07-12,0.01575644606731122
2013-08-29,0.01576579491094814
2014-02-13,0.01580575113509234
2012-02-14,0.015843876753987747
2011-02-22,0.015871259775317847
2011-04-28,0.01589927192910322
2011-03-18,0.015959299432779434
2011-10-12,0.016009014050424118
2013-02-01,0.01608999314698973
2010-07-09,0.016134637905632594
2015-04-28,0.016210938323780098
2017-03-22,0.016211359255662913
2014-05-22,0.01621403464312707
2014-11-10,0.01628776215735871
2014-06-25,0.016335656730899897
2012-07-31,0.016374329166880912
2014-07-11,0.016405882654177483
2010-04-08,0.016424938895761326
2017-10-24,0.016431782593322206
2014-06-11,0.016461724292729057
2014-09-29,0.016467848680447726
2011-06-09,0.016477578771566803
2011-09-05,0.01650618480804133
2012-03-06,0.016542988496976278
2016-10-21,0.01655477891902617
2016-04-27,0.016604967908222478
2017-02-08,0.016625828705195238
2012-05-28,0.016663543288114525
2016-10-17,0.016669310652006747
2014-03-12,0.01670190574846388
2013-09-18,0.01671113376717861
2016-03-31,0.016730420839690528
2011-01-28,0.01673175839880938
2017-07-28,0.016781796345405168
2016-09-30,0.016819947867997773
2017-02-07,0.01683166551781515
2015-01-22,0.01687404172541276
2011-04-07,0.0168781321253031
2014-08-08,0.016893094765199755
2014-09-26,0.016896438536025068
2015-07-17,0.016907141996868505
2013-01-28,0.01697676347921835
2014-08-07,0.016988476708514846
2011-06-13,0.017008151575236937
2012-01-19,0.017011363866550624
2012-04-19,0.017041208600725808
2013-04-15,0.017067325448740445
2010-01-14,0.017105547628313136
2011-08-29,0.01714800494950595
2009-07-09,0.017209904896504966
2014-07-29,0.01721305498483729
2012-03-08,0.01727755246055261
2014-11-18,0.01728954678880313
2016-03-30,0.017302598032509494
2012-02-24,0.017303494686596085
2014-09-16,0.017326981362715328
2012-11-20,0.01736354901888312
2013-09-02,0.01737676375013994
2009-10-20,0.01741488703416945
2012-05-16,0.01745479968151013
2012-11-29,0.017455380775920883
2009-07-20,0.017465303303704764
2012-07-11,0.017488672765576592
2016-08-04,0.017505443118242946
2012-06-12,0.01753025376154454
2011-05-16,0.017568360823877683
2012-03-15,0.01759780317533987
2014-02-10,0.017613879419456236
2011-05-30,0.017617134482536774
2011-12-22,0.017669368822981663
2010-09-10,0.017704727967127454
2016-08-05,0.01770610057065124
2016-11-25,0.017726407860733144
2010-02-26,0.017740967251429852
2009-01-19,0.017898492392395368
2016-06-14,0.01790323734224545
2013-09-11,0.01791863513889066
2010-09-21,0.017935383624732282
2010-07-29,0.017939666015747195
2013-12-03,0.01795495296342678
2013-10-28,0.018035038779348707
2010-12-03,0.018086480735618318
2009-12-24,0.018154483223896522
2012-12-14,0.018154729058602794
2010-08-16,0.018175409297486764
2012-12-19,0.01818135809810581
2011-03-30,0.018187513820299334
2010-11-30,0.01824679071339094
2011-02-01,0.018269380751832723
2016-11-10,0.018288744503201417
2009-07-31,0.018325826991768924
2010-04-12,0.018338167018749935
2012-07-09,0.01842684723762851
2012-07-16,0.01847291153588109
2015-03-09,0.018540032506536682
2010-12-01,0.018561743866429434
2009-06-23,0.018573943947417126
2016-02-16,0.018593762347549014
2009-01-21,0.018612956358726084
2014-02-27,0.01862021902316951
2017-08-25,0.018755186721991716
2012-05-21,0.018765243136481945
2014-08-14,0.01877180590337994
2014-07-17,0.01878474041176224
2016-06-29,0.01878853458315221
2011-09-26,0.018836272271842813
2009-04-13,0.01886302380558028
2013-09-17,0.018885025460178177
2010-12-02,0.0188997990529499
2009-06-22,0.019013417419287908
2015-03-30,0.019040257522907653
2011-12-27,0.019088688650473095
2015-09-21,0.01909166477745027
2014-11-11,0.019115848058125252
2014-09-03,0.019117085402102142
2016-12-30,0.019132468097447775
2009-06-05,0.01918477465799792
2010-04-19,0.019241787924770618
2010-03-05,0.01924988342700076
2012-07-05,0.019281014824903256
2015-02-13,0.019306421352054782
2012-10-16,0.01930674974762434
2011-06-02,0.01932198802314177
2011-03-23,0.019338852594083283
2014-03-11,0.01933929604583015
2009-12-09,0.01935304179514302
2016-10-20,0.019354547098173934
2010-02-05,0.01946344696789495
2012-12-18,0.019466918906136475
2013-09-30,0.019484940059110705
2016-11-21,0.01948499176137924
2010-09-20,0.019545025492748787
2013-11-29,0.019557676695613594
2009-11-05,0.019591146314428196
2016-09-29,0.019606150925135426
2016-06-16,0.01965314556964061
2017-06-16,0.01967454444179187
2016-04-28,0.019711571926671743
2017-08-11,0.019723909139512264
2016-09-28,0.019731405278421738
2011-08-12,0.019747092537977764
2017-06-07,0.0197573764739507
2009-06-24,0.019764606358127695
2016-07-07,0.019788470225392915
2010-09-09,0.01982258428271692
2009-07-03,0.019860901555089336
2016-06-30,0.01990538758116875
2013-10-18,0.01991714927557128
2009-10-21,0.019918202108462242
2014-06-12,0.019935822718386325
2015-02-16,0.01996010835895616
2017-02-17,0.020064651141040057
2011-01-27,0.02007289019881248
2016-07-01,0.02007482087375568
2016-10-19,0.02007997008660415
2013-01-21,0.020108008732620936
2011-11-10,0.020154912412625566
2012-10-15,0.020158092432653738
2013-08-30,0.020203897299376383
2012-01-17,0.0202145818093149
2010-04-20,0.020221405004774127
2010-10-27,0.020306298419152286
2016-06-13,0.020327165284997725
2009-05-14,0.020421829119816732
2012-01-31,0.020444271302540985
2012-10-17,0.02046679415855341
2017-03-31,0.020477134300719024
2009-11-03,0.020550556989954786
2016-04-11,0.020562830872109247
2010-07-28,0.020564161300685935
2015-02-17,0.02058018578664056
2017-05-10,0.020636965575096658
2011-03-21,0.020660345295296936
2013-11-27,0.020865776481892626
2016-04-29,0.02094876059238144
2015-04-13,0.020967774769456427
2011-04-06,0.0209781128154947
2009-12-02,0.020979448646635215
2015-12-09,0.02105645307678343
2011-02-23,0.021059992314331293
2017-10-23,0.0210644143685763
2010-07-30,0.021179218153615637
2016-02-17,0.0211828995991277
2013-09-10,0.02120902343134452
2013-10-16,0.02123178200770651
2010-11-04,0.021249759374344444
2014-07-18,0.02132024730377902
2014-05-20,0.021335022237766805
2013-08-16,0.021383249281727666
2013-01-23,0.021453828630161174
2017-09-29,0.021462270298449146
2017-05-11,0.021509540762367187
2015-04-07,0.021513882498755795
2013-04-25,0.021573172115337772
2014-02-18,0.021582166453444455
2014-05-19,0.021639229554544847
2017-05-23,0.021645995111252557
2016-12-29,0.021775386929309574
2012-08-03,0.021854580369964422
2013-07-03,0.021871015459450263
2011-11-11,0.02189239332096475
2015-02-11,0.021953222368467126
2014-05-07,0.021994834652742573
2014-08-01,0.02205288915600579
2016-11-18,0.02209243122084823
2010-03-04,0.022131503090227267
2013-10-10,0.022150231340457387
2015-01-21,0.022237939186618937
2010-12-31,0.022309526701744728
2014-10-30,0.022374064878307703
2012-06-08,0.022493097178261243
2009-07-08,0.022599611606463746
2016-11-23,0.022629096361443942
2011-08-11,0.02274915240048547
2013-01-09,0.022762090628748323
2016-03-28,0.022777965315657744
2009-12-03,0.022813349373969633
2011-01-18,0.02282336742061694
2012-09-24,0.022920127103343776
2012-02-29,0.022956258968771688
2017-06-19,0.02303534092923657
2017-07-18,0.02304495552440846
2014-07-30,0.023087755866684323
2014-05-08,0.02320299695621643
2017-05-22,0.023211500803227064
2014-03-31,0.023221357685318775
2009-06-18,0.023254825130910723
2012-03-01,0.023267029703722263
2014-04-09,0.02328220064146657
2017-06-21,0.023408910380579507
2010-01-13,0.023419094220055406
2015-11-18,0.023487584710866132
2010-07-21,0.023517293090771316
2015-11-16,0.023548602200242783
2017-03-30,0.023574529498713897
2011-03-24,0.02359320407460264
2011-12-29,0.023635435414647504
2017-07-17,0.023646398584982943
2016-03-03,0.02369851099587369
2013-05-27,0.023711431418031254
2011-02-25,0.02373327662448957
2013-05-23,0.023814778248833737
2014-04-08,0.023876781148874374
2010-07-20,0.023884734634324282
2012-08-02,0.02394127321318444
2011-01-17,0.02395817573587514
2014-05-09,0.02396539685366315
2010-09-02,0.023974888666011714
2009-12-01,0.023991597464636135
2017-06-22,0.024006082989354784
2012-05-18,0.02400951056340771
2015-08-12,0.024160074499580377
2011-07-12,0.024164924711555246
2016-04-12,0.024257018129845164
2012-05-24,0.02427502446768339
2012-02-17,0.024346791008596453
2012-03-07,0.024364101559348452
2015-07-20,0.024383443773869872
2010-09-03,0.024392164920210953
2016-02-18,0.024399908307954358
2013-09-27,0.024543104924070115
2014-03-10,0.02462114892339085
2009-11-02,0.02462273048809242
2013-10-17,0.02463401192543095
2013-05-24,0.024641637436807674
2011-04-01,0.024798868223165325
2010-10-20,0.024866936718400356
2014-11-05,0.024877668817032576
2010-08-26,0.024911494022995764
2009-06-25,0.024952532457535707
2015-03-20,0.024993770182681355
2017-06-20,0.025106513764313568
2016-02-19,0.025108222271012778
2011-12-28,0.025156742188887856
2009-04-01,0.025174435488301675
2017-09-28,0.025192672934750242
2013-04-23,0.02520137009230569
2011-03-22,0.025225258768337238
2012-04-26,0.025255653641093084
2012-10-08,0.025409131957445798
2011-09-30,0.0254363027098225
2013-08-01,0.025439127801332475
2012-07-10,0.02546214541843419
2013-08-23,0.025549535840624898
2009-07-14,0.025550329256820315
2017-09-27,0.025552182560452302
2013-01-29,0.025580465418723733
2010-08-27,0.0256037109463823
2013-01-22,0.02560745504255073
2009-10-19,0.025682154056879215
2009-07-17,0.025717297240476042
2015-01-12,0.02576858930207935
2011-07-01,0.025834989212195278
2011-02-24,0.02587960249833133
2011-03-04,0.02593352432376232
2015-11-06,0.0259399953076025
2013-03-14,0.02597197615092321
2015-03-06,0.025988063889240277
2009-09-08,0.026010968252616715
2015-12-10,0.02602205857999277
2016-03-02,0.02607715324137349
2015-10-15,0.02609254277536552
2013-09-26,0.026110952676519333
2010-08-05,0.02612221703854676
2009-07-07,0.026205736284197954
2009-05-07,0.026211746678809503
2010-07-23,0.026250590745700148
2016-06-24,0.02629697513291479
2014-09-23,0.02634342727113602
2013-01-17,0.026351870132719085
2010-11-02,0.02637498447935818
2013-02-25,0.026391959953319822
2010-02-24,0.026475737252194525
2010-02-09,0.026508350714220277
2010-03-24,0.026533035063036576
2017-05-24,0.02654949958676113
2012-12-26,0.02658262872209696
2009-10-22,0.026609347179235836
2013-07-12,0.0266637953387801
2010-12-20,0.02667476232122969
2012-06-28,0.026721852803073782
2015-10-30,0.02672831401666064
2016-03-14,0.026796577605694018
2011-09-06,0.02682407373407253
2009-05-05,0.02684625285569161
2015-10-13,0.02685019622413673
2014-09-02,0.02688919990278491
2017-06-05,0.026960720720720716
2011-10-27,0.026965395788491296
2009-05-06,0.026991153643064366
2009-09-11,0.027055738960449292
2010-03-31,0.027104175322287965
2010-08-11,0.027183961883510344
2016-11-24,0.02722472869861326
2013-06-26,0.02728404741041362
2015-02-12,0.027288279836299445
2015-10-22,0.027302931170964644
2009-11-30,0.027306096529571364
2012-04-25,0.027402998488189233
2010-08-25,0.02746023594628253
2010-07-26,0.027587556251222754
2013-03-15,0.02767858197466807
2009-12-29,0.027711283899975497
2013-05-03,0.027718609977897463
2010-02-08,0.02772461988137066
2011-06-30,0.027738995890397477
2010-12-28,0.02775761675966278
2015-09-08,0.02778327664501116
2009-10-13,0.027859760139064358
2014-12-26,0.02800478257841339
2013-12-02,0.028051215690489836
2017-06-06,0.028059939076063238
2011-01-24,0.028071612569095784
2012-10-31,0.028121978694529873
2014-12-17,0.028152710825447874
2010-12-08,0.02820409347137976
2010-05-25,0.028341044940545995
2010-05-26,0.028341044940545995
2014-12-16,0.028388932614881558
2015-11-13,0.028436512343042678
2010-02-01,0.028486603588658628
2013-06-25,0.028650331113594572
2015-06-05,0.02865473038208221
2009-07-23,0.028699578583613886
2013-03-13,0.02872414925479443
2012-03-30,0.028771029369831808
2010-03-16,0.028851705852426853
2014-04-02,0.028999463482411753
2015-04-24,0.029013490294813038
2011-03-02,0.029035241883266925
2011-01-20,0.029052096810891458
2012-02-20,0.029058806396637132
2009-12-28,0.0290619618621045
2009-07-15,0.02907565911888464
2015-09-28,0.029166602420784806
2009-07-10,0.029190980222522454
2011-10-26,0.029223313785755954
2012-04-11,0.029265408485579594
2016-03-11,0.02932796162052559
2013-05-16,0.029345284031480214
2012-04-10,0.02936752665896761
2009-01-12,0.029416511774414403
2015-03-31,0.0294628751974725
2017-08-23,0.02951207239443142
2014-10-24,0.02951424472227913
2013-01-10,0.029574364668829428
2013-08-02,0.029644989898810054
2013-01-30,0.029675941250636908
2014-10-29,0.029693478775220473
2016-11-09,0.029695351992961545
2010-03-26,0.02969770992366419
2013-12-26,0.029902928050217954
2010-05-07,0.030083298375981355
2015-02-10,0.03010619500196662
2013-11-25,0.03011349602073148
2014-01-17,0.030130962272032616
2016-03-18,0.030208451556766214
2015-05-06,0.030224033838970574
2015-04-10,0.030287126935241052
2015-12-11,0.030293287805635213
2012-04-09,0.030334849608240008
2016-07-11,0.03048702444019188
2012-01-04,0.03051223491027727
2014-09-01,0.03056060323013434
2010-02-02,0.030617985563491056
2011-08-23,0.030627437079050013
2013-11-26,0.030635581506395972
2009-05-04,0.03064141767674893
2011-12-15,0.03066486100846304
2013-06-27,0.03087831020853979
2012-12-05,0.030979944562204507
2016-01-18,0.03104068380218027
2014-03-19,0.031053294167016427
2016-03-10,0.03108043077842128
2014-07-22,0.03109864550554114
2010-11-17,0.031109149427657357
2009-01-16,0.03114244225483744
2009-07-16,0.031157532759822276
2012-10-30,0.03115791917424146
2010-05-11,0.031158732085603495
2012-10-29,0.031209607084554062
2012-12-20,0.03123086857708339
2009-01-08,0.03129783526395792
2011-11-01,0.0313101244471793
2015-12-15,0.03135294324638166
2013-04-18,0.031482646002799326
2009-01-22,0.03149348267344897
2013-08-14,0.031501694280314
2015-04-17,0.03150252168123686
2012-12-28,0.0316445232959013
2013-08-07,0.03168875130446983
2015-04-08,0.03171004236696314
2011-10-31,0.031807101966007625
2011-06-20,0.03187589133535075
2014-01-21,0.03197845854229444
2013-07-29,0.0319811394458564
2009-10-14,0.032035074673111445
2010-02-23,0.032051221929388515
2015-07-21,0.03207865559612181
2015-02-09,0.032176501530221835
2009-03-17,0.03221236651739577
2009-06-15,0.03221641229995379
2014-08-29,0.03248955433243963
2009-09-09,0.03255177767135851
2014-12-18,0.03266057568448838
2010-05-17,0.03277686096540344
2010-06-08,0.03277838286395934
2015-03-18,0.03282588629893007
2010-01-08,0.032872335228856416
2011-09-20,0.03290530291764557
2009-08-25,0.03294070736985625
2011-01-26,0.03294353065205506
2012-12-06,0.03298239244872041
2014-08-28,0.03304662351597368
2009-06-29,0.03305691563127965
2012-05-25,0.033096265205394396
2015-04-01,0.03311670991052175
2015-12-17,0.03316923552074207
2011-08-10,0.03319972239139988
2013-02-27,0.03321026099557559
2010-07-27,0.03322221109410103
2009-09-07,0.03323873062711603
2011-06-23,0.03326650054266418
2011-03-31,0.03335411954865998
2012-02-21,0.03339382231848433
2010-09-01,0.03341839919002514
2010-10-15,0.03351884796615058
2012-02-23,0.033603707995364974
2012-04-17,0.03363652100020457
2013-04-16,0.03368854158619919
2012-03-29,0.033731458135499
2012-09-27,0.033756417316540346
2009-07-02,0.033774479338037164
2016-02-01,0.033836024887540665
2013-07-22,0.033852664847265554
2014-07-21,0.033938051054793875
2016-03-29,0.03397322838161516
2016-07-08,0.034054030348214935
2013-04-17,0.03415945689798941
2010-06-07,0.03416526938999613
2012-04-27,0.03422106802327366
2015-03-10,0.03430655482998678
2011-08-09,0.03431861310347037
2016-02-05,0.03441201974498876
2013-01-31,0.03463868873935558
2011-08-24,0.03465455761880702
2015-08-03,0.03474318663755743
2016-04-08,0.03477695849930784
2016-05-26,0.03482790017655441
2015-07-30,0.0348691228465617
2015-04-16,0.03492151410752066
2016-01-15,0.035007839729633485
2009-06-17,0.035066216256614054
2014-09-22,0.03520505103156054
2010-03-15,0.03524462958425224
2015-04-21,0.035261822495865076
2009-06-26,0.03527978979804498
2013-04-26,0.035365360334408055
2017-08-24,0.03542232873227744
2010-01-07,0.03545194241039798
2013-09-09,0.035552587263020304
2010-07-05,0.035651602889379706
2009-10-09,0.03566698591210956
2009-05-11,0.03573525310789187
2010-10-22,0.03586037067950025
2009-06-01,0.03592994535289707
2013-11-15,0.03603136047100255
2012-01-18,0.03639268595774901
2014-07-25,0.03641752748346576
2013-05-02,0.03660129651703937
2010-10-28,0.03663959925714229
2009-04-10,0.03664376832477362
2015-01-08,0.036662115158768896
2010-06-18,0.036774387371716205
2009-02-09,0.036801107690700004
2012-12-21,0.03680438448566618
2013-08-08,0.03691617108372338
2015-09-18,0.03695171425319948
2011-01-25,0.03696255083116393
2011-09-19,0.03698022222471044
2010-10-21,0.037082034444747454
2012-02-22,0.03709749449466411
2012-11-30,0.03712272043221834
2009-11-11,0.03725180008410399
2015-02-25,0.037358461277535206
2016-05-30,0.037525556704090024
2010-07-19,0.03752884468419035
2010-08-13,0.037540929067955316
2011-03-03,0.037554474007673
2014-04-03,0.03777349758199719
2012-02-01,0.037781135369021876
2016-08-12,0.03778121139082579
2016-01-07,0.03778252660591668
2014-12-11,0.03782268984388986
2014-02-07,0.03798452415389064
2009-07-22,0.0380712630166457
2012-01-13,0.038077457994512065
2009-11-13,0.038107607311749774
2015-07-31,0.03814289831529866
2010-12-10,0.03820074763281234
2009-06-12,0.038234312473978814
2014-01-20,0.03828734204682399
2015-06-04,0.03840838997803695
2009-06-02,0.03842099752190148
2014-11-06,0.03842669997246674
2010-11-23,0.038578389407758915
2010-07-06,0.03872956416559357
2015-04-03,0.03875517319100167
2013-07-31,0.03890069402011835
2016-05-27,0.038951836734693865
2013-07-30,0.03896975869991193
2009-09-03,0.038994613297684035
2015-03-19,0.03909639715189058
2010-11-03,0.03921539963863231
2012-09-25,0.039309549125625
2013-07-19,0.03937949673130992
2011-10-25,0.039502100608281326
2014-10-28,0.039534065752177584
2014-11-24,0.03972052573171359
2013-01-24,0.03979076646688038
2009-12-25,0.03990329305824019
2015-02-02,0.03994979069517817
2016-03-15,0.039967087076148496
2011-10-24,0.039970194087717785
2014-11-07,0.04005355394360841
2013-03-19,0.04017266642905234
2015-02-06,0.040224367682842085
2010-10-18,0.040246086093836946
2012-01-09,0.0404505672198837
2009-01-05,0.040515996091260546
2009-05-25,0.040596210293818484
2009-03-09,0.040803076462068565
2015-03-25,0.040919599737083145
2015-07-28,0.0413110160085435
2012-12-24,0.04139474723041137
2015-03-16,0.04141221425545179
2011-06-29,0.04146765016649052
2015-09-17,0.041523015137472925
2012-02-07,0.04153054374580459
2016-01-28,0.04158373514240848
2009-03-31,0.041702056392281625
2009-07-21,0.04171386761511142
2013-09-04,0.041923682307397875
2010-10-29,0.04207125485949616
2015-12-18,0.042140072347800296
2015-01-13,0.042150914616794315
2013-05-14,0.042260582190956665
2014-12-31,0.042315420097914426
2009-09-04,0.04232826585725707
2010-07-07,0.04236808655753965
2009-06-16,0.04238118072956417
2009-12-22,0.04240154407449308
2010-05-21,0.042466203648525144
2015-10-21,0.042470308788598636
2009-03-19,0.04250470082600228
2010-12-30,0.0425116673737803
2015-03-17,0.042516608466059175
2009-11-12,0.0426944076983078
2014-01-30,0.04271152580081281
2009-10-12,0.04315227358541453
2009-10-15,0.04321159141139146
2015-04-14,0.043281254928822205
2011-11-30,0.043283416352041575
2009-07-01,0.04328422743135986
2010-12-29,0.043284571645062005
2015-04-02,0.04363869103321875
2012-12-11,0.04366172238211208
2009-03-20,0.04369621487158791
2013-08-15,0.04372022501916798
2015-05-08,0.043787293787293874
2015-10-09,0.04386369351999336
2013-08-09,0.04400243218533588
2013-02-26,0.044111404079311634
2010-07-08,0.04421332960650947
2010-03-25,0.04432463233130909
2011-02-11,0.04443504562698652
2013-03-04,0.044486432129220814
2014-10-27,0.0445578618980679
2010-05-19,0.04496464736058962
2011-10-20,0.04500640738257414
2011-10-10,0.04529776150922143
2011-08-22,0.04559379938728273
2009-12-23,0.04588368580060427
2013-01-25,0.045888469360376626
2016-03-17,0.045957365085462006
2014-11-25,0.046165418013375245
2009-03-30,0.04619056627315877
2009-07-30,0.04628564825768532
2015-12-01,0.04642648328089763
2012-12-27,0.04660904282517725
2015-05-19,0.04666238306398762
2015-03-12,0.04724117967958495
2014-07-24,0.04727739259100306
2010-08-12,0.04734429535682209
2011-10-11,0.047382630809681886
2015-11-27,0.04747272272342631
2014-12-09,0.047478040883063954
2011-06-21,0.04773690560900903
2009-03-25,0.04791094934890256
2013-05-15,0.04814254885457514
2014-04-04,0.048168128594764506
2014-11-26,0.048589433790423846
2010-10-12,0.0488380669013751
2015-05-15,0.04886442142558589
2010-10-11,0.04887819233998005
2015-03-27,0.04892615252914385
2015-10-14,0.04899430728896003
2013-01-11,0.04920204733351314
2012-12-12,0.049489145724654626
2013-03-18,0.04957062765485584
2009-01-14,0.04958470571387658
2009-03-18,0.04960024007030622
2009-01-15,0.04978336155345377
2015-04-09,0.04978954234257908
2016-02-15,0.049818271903241305
2010-12-09,0.04994285019065953
2014-03-20,0.05008217655260976
2011-02-10,0.050087624349260354
2015-11-05,0.05013532219634811
2009-04-27,0.050423946301461436
2011-06-22,0.050691402677595275
2009-06-30,0.050908424839016406
2009-03-12,0.051270478855440886
2015-03-11,0.05137815102208721
2014-11-19,0.05141454032366144
2015-08-27,0.05142810795972103
2010-10-14,0.05144627714677413
2009-09-10,0.05148107280953297
2015-08-07,0.05200476074687424
2015-12-16,0.05220000868281673
2012-12-03,0.05227493657680738
2009-02-19,0.05269729943743734
2010-07-15,0.05279622161225515
2009-10-16,0.05335147190834461
2010-10-13,0.05358996512907225
2016-08-10,0.053824144246363226
2015-11-30,0.05384686561556298
2009-07-13,0.05415336461361309
2014-11-21,0.05415626391066222
2015-09-07,0.05419490599878797
2013-11-14,0.054272076372315105
2015-09-29,0.05458892366736405
2015-03-26,0.05468860759493682
2014-12-12,0.05479091703384975
2014-12-15,0.054854642036783204
2012-09-26,0.055055403246845366
2015-05-22,0.05564150310824948
2012-09-06,0.05577549124816252
2012-12-04,0.05585816361478248
2009-04-29,0.05599204719483226
2015-07-16,0.056119538895671006
2009-02-11,0.056302924749264315
2009-04-30,0.05653219872432745
2014-12-25,0.056622554281020115
2013-09-05,0.05699180950916842
2013-07-10,0.05716996317561931
2016-08-11,0.057318083974565136
2010-07-16,0.057363357325515056
2016-03-16,0.05752371336200619
2015-04-20,0.057524237492038756
2015-10-08,0.057682740377614936
2010-10-08,0.058280747512507294
2016-03-01,0.05833779758350416
2015-05-18,0.05856869953706335
2014-11-20,0.0587127034803516
2010-05-20,0.05882201891402114
2012-01-16,0.05962100057553339
2009-10-30,0.059740212232156815
2010-09-28,0.06072039737444082
2015-08-05,0.06072823191703935
2014-07-23,0.06080543081130018
2015-06-19,0.06085981389029664
2011-02-09,0.061322941843831705
2009-10-29,0.06172679817064715
2014-12-29,0.061812499095631586
2013-11-13,0.06181931017603984
2009-02-03,0.0621695567852588
2015-05-07,0.06217100774257338
2012-09-04,0.062198048457410435
2013-09-06,0.062215304226857296
2015-03-13,0.0631319692840124
2009-02-18,0.06313712739032623
2009-05-26,0.06361590728593698
2015-07-15,0.0642665550726536
2015-09-15,0.06429733870942153
2009-02-06,0.06432364299506536
2009-09-28,0.06438384735454018
2012-09-05,0.06438533010891496
2009-03-16,0.06451612903225801
2009-09-30,0.06493610223642168
2009-07-29,0.06503283677719034
2009-05-27,0.06510829036384251
2014-12-30,0.06527165189223579
2009-02-04,0.06531542967397677
2009-04-09,0.06563211223075295
2009-02-12,0.06568492973420625
2009-01-23,0.06578999153826465
2015-01-19,0.06604752083358181
2015-04-15,0.06635300455882986
2009-11-27,0.06653343227366651
2015-05-28,0.0679663467804163
2015-01-20,0.06819051769320013
2011-10-21,0.06849610029187989
2014-11-27,0.06898554723378936
2012-12-13,0.06955641565298053
2016-02-29,0.0698426047882342
2009-02-27,0.07028764441786707
2012-01-06,0.07096393957914965
2015-05-29,0.07150426683027504
2015-05-20,0.07253960108687424
2015-11-04,0.07254432912411053
2015-08-06,0.07262288450748339
2015-05-21,0.07401807072121774
2009-09-29,0.07445437692822712
2009-03-13,0.07487916133888324
2009-02-02,0.07492246215472563
2009-08-19,0.07528436891496956
2009-04-08,0.07620142376025986
2012-01-05,0.07624352593360538
2009-04-28,0.07808523225849993
2014-11-28,0.07811109291446217
2015-06-29,0.07982250002982189
2009-01-13,0.08020019401123561
2009-08-31,0.08116540118080601
2009-03-02,0.08116710630257722
2010-09-30,0.0811699261131568
2009-02-05,0.0818839872243686
2014-12-05,0.08414376186041751
2015-07-03,0.08552672211471167
2013-07-08,0.0867065381166748
2013-07-09,0.0871838976820318
2015-11-02,0.08787500431535455
2015-09-30,0.08856835105137462
2009-09-01,0.08991454794809582
2009-09-02,0.09073204816443159
2014-12-24,0.09097663130457943
2014-12-04,0.09131702288723888
2009-03-03,0.09253320262353233
2014-12-02,0.09297728407559668
2015-11-03,0.09701658351344256
2010-09-29,0.09718555313220696
2015-07-09,0.09763112455517833
2014-12-01,0.1010990102170004
2015-08-25,0.10197737049488485
2014-12-03,0.10221563242405349
2015-08-26,0.11322706556190493
2015-07-08,0.16792609417314577
